Actual Profit,Predicted Profit
3.6288,3.620750599999977
1.917,0.2202402500000008
-52.196,-104.11457200000008
1.0738,0.9489842500000047
6.5435,11.57901649999999
41.7564,40.9836215
-16.884,-17.36460899999993
0.3822,0.9658264999999985
69.9965,-69.46300950000003
5.6644,5.5693297499999765
14.2758,14.397030250000006
4.9616,7.26084874999998
1.323,3.1269318750000035
-10.284,-42.48583475000004
70.5564,45.44443275000014
7.4496,5.018406125000007
22.6782,39.67074400000018
-147.963,-240.14230750000002
13.5056,11.464398500000025
8.3538,13.291850299999982
-12.9987,-12.216142749999996
18.33,23.895234750000014
23.0864,21.928990500000076
-25.3344,-15.405243749999995
-36.6744,-44.99828449999975
2.322,1.4279482499999998
4.3308,4.325392999999985
-14.592,-14.28118900000004
2.4,1.7548149999999973
29.4372,46.50335599999996
7.6494,6.48249299999998
9.6192,9.39096075000004
46.179,35.65036000000002
13.2986,11.960128333333369
32.3982,0.8682582500000016
12.796,7.948206749999998
-3.2934,-3.029048999999997
6.9088,7.162729999999997
44.9925,57.484611
13.0928,11.077631000000006
15.0384,17.050089249999996
38.97,52.43283900000003
2.401,5.41880025
41.1528,24.932554250000038
83.9944,71.56341799999977
7.0224,6.570017999999984
23.9904,25.93595849999999
162.864,56.712695500000066
15.2712,17.58183191666667
-81.3065,-21.351858749999984
-4.7976,-10.627171249999996
76.7904,39.0419217500002
29.988,37.43238375000005
71.9952,76.12115425000013
13.878,11.328315499999999
305.13,325.6824140000001
139.986,114.09449475000031
145.0696,142.82383999999968
5.4432,5.342023749999992
-304.392,-308.861517749999
0.0,34.03208749999994
50.098,51.8669047500003
20.9208,17.444092250000047
0.7152,1.9704872499999948
-179.776,-167.53503200000006
11.1664,14.888011999999977
4.6812,4.586360249999987
-4.3584,-4.43487099999999
3.6848,1.5752012499999986
50.396,94.16125324999992
9.8784,9.066320250000004
35.988,21.64634975000003
1.3584,0.594620250000001
-30.392,2.2868440000000008
14.2956,12.77168775000001
1.7901,2.407781500000002
5.775,4.52152374999999
89.9548,34.92010925000005
3.8844,4.145241250000002
85.491,86.95379900000015
9.47,8.32491074999998
0.0,123.89846950000046
13.32,8.351687250000015
9.3906,8.259344999999998
8.3328,28.684154750000065
88.3932,73.97655125000001
-79.908,-51.36601175000007
4.36,3.635692500000005
0.5668,0.5091159999999999
0.5152,10.22446125000002
3.757,0.9991042500000014
143.982,145.06785991666737
13.5932,5.85453724999999
81.744,-11.493732999999988
3.4974,1.884040999999997
41.3928,79.78272412499972
-124.431,-55.341630749999865
-16.426,-366.2242694999994
292.776,211.0418055
9.3312,9.254986000000043
215.9892,43.50161224999997
0.864,11.242604250000007
3.0576,2.4647192499999986
3.6296,3.153190499999996
46.9278,65.33832875
27.3568,-0.5744815666666667
12.3123,8.845689999999998
9.9468,6.151085000000002
86.8704,89.55340850000007
-153.1224,-112.79845774999973
3.8048,4.847614050000005
16.8948,13.402468500000003
17.9592,15.94704149999998
39.5868,24.235907199999975
26.598,17.472372000000018
34.3548,127.48160875000006
3.5048,4.241195750000006
0.3492,0.8503940000000034
77.672,53.677450999999984
-14.4588,-75.46017024999998
1.316,1.1893773999999957
2.8322,2.385639500000006
62.532,57.062317999999976
29.673,13.43254449999999
-16.65,-4.0416937500000065
5.6832,4.066129083333328
-5.715,-4.954886500000021
307.1448,257.91124150000024
4.6644,7.618247457142834
1.1016,0.5508352499999977
-458.1468,-341.92428024999987
60.2553,58.72880550000039
9.936,9.416087500000023
-14.5584,-9.552647000000011
2.0994,2.716189999999991
3.7856,3.625296375000015
15.9968,64.6747340000002
16.7986,-4.493006499999989
2.5056,1.8305402499999985
20.9592,-2.505191666666671
9.7972,45.61772376666669
1.6008,0.6585577499999993
2.5592,2.30129625
-20.6964,-3.309738750000004
11.206,14.883548250000024
14.3856,13.644589999999988
1.6704,1.093326499999991
-2.244,-2.727859249999998
13.4372,12.545797999999985
3.0044,2.8237003500000037
1.365,1.1085439999999978
60.49,51.12960850000009
4.3904,3.160288500000005
2.8884,2.707271500000008
2.0748,3.367527500000007
9.352,8.895501142857142
-25.9136,3.411311750000002
-4.2012,-2.6427150000000035
3.1104,2.6860560000000104
22.4316,16.52001774999995
44.4,30.692080750000088
-8.6592,-8.871587
-93.2316,-82.50834474999994
2.2728,12.774266999999895
106.477,76.47784654166679
20.0392,1.2136367499999938
843.1706,598.5200247499986
5.1968,52.885302250000024
57.5928,57.09239500000007
21.7845,18.827210500000024
54.9504,59.233446749999956
33.3124,469.1781782499997
1.4456,0.537662749999999
23.316,1.3236539166666696
385.3752,42.64837675000008
7.5087,5.565025250000006
24.9132,16.81291675000001
100.24,190.34641731666656
5.842,5.849802014285744
-3.2392,-24.40059775000001
220.4853,133.83863400000055
6.2208,6.135305000000028
15.44,10.95015399999998
58.66,71.79945124999988
14.144,14.246592499999984
2.8322,2.369365300000005
3.1104,3.086681500000018
-6.1248,-5.726184750000007
12.012,9.666850000000013
23.3928,31.702818750000088
105.8316,105.60214305714283
19.4656,19.90858750000004
22.5296,16.48019324999991
214.4922,306.68254974999957
8.0997,10.061121500000027
-4.466,-2.612923499999996
-77.625,-91.91162325000005
3.9312,3.0532245000000002
89.3142,88.40190050000021
4.172,5.81812483333334
28.13,14.218673499999989
25.47,19.054030250000036
-255.5875,-272.59678850000034
287.982,65.05911874999998
6.2905,6.44962625
19.5184,5.58050550000002
16.5354,17.630417249999965
8.1882,28.97517966547623
9.8685,9.228352250000002
27.7158,56.71801575000011
0.1512,1.1510905000000045
300.735,236.43558725000065
43.1904,27.885445919642805
3.4686,3.3152624999999967
14.346,17.937720999999996
6.9552,4.934910499999995
39.948,58.032230374999735
13.4386,18.778337649999983
20.7675,12.453362749999991
24.9804,29.449562500000084
112.788,104.20119625000005
16.68,13.680636750000001
9.1674,10.724221000000032
26.7904,18.865980249999957
21.792,25.222554999999986
224.2674,265.9264232500002
371.316,312.06258499999996
5.4432,5.557795920779219
26.9024,24.068772000000013
25.4016,23.5080127500001
17.982,17.57012249999998
53.7544,57.68391525000005
57.5904,33.565244500000134
21.164,26.41213150000008
4.872,9.003028749999986
13.482,13.182823188095282
18.8993,25.42121250000004
10.8588,-0.05546816666666657
35.9976,65.1093352500002
8.4966,7.879254242857146
19.824,17.72179349999998
2.3406,2.131993749999996
106.5216,63.28753974999988
70.5028,43.952482250000045
13.4865,9.912890249999986
6.552,5.4972232499999825
3.4357,2.553350500000006
126.3942,97.89539249999993
-131.7168,-109.11945549999986
19.9155,23.235460750000016
4.3902,-0.2853335833333302
18.447,21.39529899999998
20.7675,10.104650499999982
64.518,57.13585574999999
-18.8728,-19.55169850000001
-17.9928,14.66368975000001
18.6624,18.448467332467548
89.307,12.50577474999998
-14.92,-13.45084400000002
27.882,22.567874249999903
6.633,9.408158500000031
-7.4394,51.34731299999998
6.42,5.803851750000007
3.0498,6.635136983333343
14.8344,19.61084566666662
-14.8704,-7.0716574999999775
6.2208,6.219129600000042
57.4113,57.41879674999991
6.1992,3.3533787500000067
9.3228,10.211502000000031
6.4944,6.895888500000007
85.2475,123.5341470000001
-126.4816,-80.12407974999981
5.8604,4.816622571428587
-30.245,-5.036287000000002
16.7946,10.498842499999993
3.29,3.064902750000003
0.416,0.6580512500000001
-32.3838,20.85592775000004
0.4984,0.8499369999999987
67.992,40.57489525000019
25.497,16.021444625000093
5.382,5.588035533333351
5.6644,4.207013000000006
28.4928,48.21809374999996
4.1832,4.038880749999998
4.5657,5.501390750000002
422.51,403.08501924999945
3.894,19.705923999999985
3.0576,2.6920852499999977
-77.4732,-65.95824125000006
45.84,40.20328750000001
18.6956,19.810813500000055
-63.996,-107.17250849999996
11.375,9.019294666666658
8.714,15.127060749999957
3.0814,3.3569270000000078
10.896,6.563012749999992
2.64,2.432798250000001
-120.294,-111.7259422499996
41.5104,28.3777780000001
459.396,417.94490099999916
0.0,-14.100825749999983
327.9458,280.3480595000003
2.3686,4.039694999999998
37.6422,25.161202599999996
14.3952,7.505753999999976
6.846,6.896548499999997
46.1184,38.15145449999986
-20.4468,-22.127428750000014
3.7408,3.5868693500000064
-1.9744,-1.9578582499999941
8.0997,10.887157250000014
4.504,3.527059499999995
-1.7495,11.394507500000008
10.74,9.612947000000025
28.6965,23.993822000000034
0.0,413.17295199999967
5.841,43.90545650000003
3.2616,3.1835234500000076
0.0636,2.7935004999999937
-52.632,-57.03101349999993
10.5754,2.053483249999998
88.5528,96.51636875000011
4.872,4.266394750000011
34.742,14.711879000000005
7.9378,1.8071455
26.1096,21.449534000000014
-643.71,-346.59632425000086
-59.0571,-68.03624183333328
13.572,17.45419700000002
5.4444,3.005630249999992
14.0438,12.767814249999985
5.778,5.611667078571425
14.677,17.795172999999952
163.1898,120.9312837500002
1.2006,0.9453582500000011
6.975,8.116635999999977
7.86,9.258172500000043
45.528,32.851537249999986
6.5808,4.981060749999982
16.9312,18.064112999999924
-9.5568,-12.171337249999963
0.8792,24.418365499999986
4.5738,19.577521750000052
4.1988,9.003705750000016
0.711,2.405001000000006
12.8256,7.421062500000008
19.041,25.081812749999987
134.654,138.69665650000022
-2.9884,-3.4765835
4.9432,6.412421700000021
16.704,17.081882449999963
28.7928,46.3686224999999
31.494,20.672398499999918
0.7425,1.5648754999999994
11.691,13.697301249999967
5.9598,1.3293294999999992
2.6376,2.693590750000014
-17.7072,-11.261786250000048
25.186,9.641717750000016
4.4312,3.948618575000001
1.6762,1.4671189999999956
-10.0512,10.646073499999995
8.7052,11.590838749999973
146.388,106.11557949999984
1.1988,-0.2142327500000001
5.7594,8.499563750000021
-40.6504,-56.30096899999992
-123.858,-166.46072300000014
3.6288,3.5123187499999853
16.1838,13.95168099999991
10.0725,12.744395000000004
3.58,3.11766474999999
2.4824,3.8071917500000176
0.897,4.694298499999956
41.0388,49.92048849999999
29.1456,28.785305749999928
-68.1856,-70.08147000000018
335.9944,196.77309575000018
3.352,0.3148695000000005
109.422,53.72030006249997
50.8768,52.90847975000001
12.974,10.894869249999994
45.7704,57.65151674999989
4.57,3.6843515000000067
35.156,24.844128750000053
11.1984,4.130240799999987
5.8696,5.429902750000009
151.47,167.91345275000026
3.6288,3.5983167999999774
5.4432,5.481914499999991
5.5512,4.882991750000021
1.2506,1.3033042499999974
2.2724,3.409067999999998
-1.8392,-2.008512500000003
64.3678,96.81244374999972
-81.7258,38.71810349999997
-17.9424,-15.99821874999998
14.7668,10.327887749999979
125.9972,-253.72527474999882
271.4192,257.18310449999996
22.9008,20.20211750000004
1.764,1.5743645000000006
-31.536,-22.416942249999963
-13.32,-14.13440199999999
17.8152,13.23243524999999
1.6776,0.42957700000000043
19.3116,26.640638249999984
10.374,17.423944699999968
26.3912,18.501771250000047
-22.6716,17.563935
-1.35,-1.4644977499999987
12.492,15.071595
356.225,340.22164633333267
0.0,-211.45285874999982
3.6288,3.620750599999977
22.5576,23.34708350000012
20.853,19.00075500000004
10.3974,6.072561249999999
43.9956,19.56822475000006
3.504,5.134886566666685
-1.2558,7.1181942500000215
11.7208,10.396155000000011
70.312,46.17401725000004
15.552,12.265790000000022
2.8536,3.373381999999998
2.724,5.004799250000006
0.4116,1.143780749999995
7.5371,8.271553249999958
5.6644,5.179690345833316
220.4825,232.44102024999995
45.294,46.79425975000003
19.6224,17.265604000000007
84.0512,70.5061627500001
11.4576,15.051674000000078
8.499,5.38800200000002
5.196,5.283412249999997
7.384,7.735608499999975
4.1472,6.297745885714289
-2.6586,-2.733417499999988
32.13,15.724423500000022
-39.1248,25.397345499999947
-190.8522,-128.0034890000001
-16.5528,10.624939099999999
9.8658,4.864396500000005
6.6468,4.6368994142857165
5.1552,4.67215675
8.0652,13.103106500000008
-383.031,-334.48882900000007
5.8708,8.75150125000004
7.0224,6.542054000000013
55.896,188.51917574999996
374.3792,526.0386783333323
32.346,23.83116949999999
34.776,27.88606450000001
-48.7032,-55.61672175000021
2.0271,2.657492000000001
-29.1168,45.875434049999996
157.3632,132.98041924999984
3.3408,3.22308274999998
9.7218,11.336772249999992
6.0264,51.469583250000035
569.9905,572.1683907499995
5.4432,5.557795920779219
37.1084,11.515786500000015
7.1976,7.181169249999978
13.064,11.175916500000001
58.42,62.115534697618905
2.94,4.398959062500005
1.598,8.185125749999997
22.6476,17.402689749999983
41.79,-75.37231025000011
2.8,2.2179891500000086
1.9698,1.3646427571428597
6.999,1.2291770000000077
13.188,10.708589999999981
84.294,42.915749750000025
1.764,1.340332100000003
1.6632,1.869789499999999
-50.098,-86.98147300000014
100.4255,57.171138250000034
9.7119,10.611471249999997
7.7004,22.93035225000002
3.3544,2.2196560000000027
19.2384,18.77225598571426
2.0416,2.9183110000000023
100.4796,63.31915425000009
3.6894,3.027790999999995
16.7475,30.776260250000004
2.19,2.9635547499999926
250.305,228.57239750000045
6.2208,6.2184852500000405
12.0978,13.990588000000013
1.168,2.9373057500000006
-6.9216,-7.257451249999999
4.7664,3.5666762499999947
9.1312,12.285089249999992
13.8528,5.941989249999995
4.914,3.147304450000002
7.3451,3.7543580000000087
100.1403,61.805275999999985
147.0896,142.6023652500002
-3.4272,-3.418474000000004
5.4124,89.91464174999997
48.3285,46.51340950000005
0.8058,1.266639749999993
4.8392,-3.521954083333335
0.6408,1.315860749999999
-13.816,-15.410619250000002
84.9436,80.88042399999978
178.901,55.758342250000005
9.9468,6.836970750000018
8.8704,7.741576250000008
9.3184,12.521496000000003
2.5056,2.9480204999999886
118.3704,104.35103699999982
125.1432,57.59846400000014
49.8435,34.28822449999995
7.4872,5.76915025
5.605,8.832985750000008
67.608,75.64945050000001
29.952,19.73676375000001
-7.8588,-33.73573899999994
-272.58,-174.50327300000035
0.9576,3.322758750000006
6.2064,9.342417749999987
9.12,7.119676999999989
33.7212,28.106969749999934
0.3822,0.9056192500000005
-65.1504,-65.9890290833334
8.5845,29.54660774999993
11.673,5.606117000000004
-0.7748,1.235158499999996
90.972,99.89763650000026
35.76,26.843841000000097
3.3675,2.85087525
15.49,14.26768224999991
4.8588,47.394468250000116
21.228,25.955649750000003
-10.1736,-11.110554500000049
92.2368,84.85056699999983
0.8736,1.1106154999999986
-36.1116,-61.37390599999983
5.256,11.404958999999963
2.7166,1.7680722999999892
20.1579,88.92000499999993
33.7266,22.39927249999999
5.0232,4.880219750000014
31.0688,10.69755125000002
45.2226,56.069634476190565
8.7145,46.10757624999994
-36.1176,-177.9120207500001
40.7499,22.296186250000037
45.528,34.28278524999999
5.28,5.090961250000015
-3.8208,-5.775629000000007
33.1584,15.43197924999995
0.0,4.90946749999999
-20.2356,-15.477977749999988
0.0,-2.391250749999997
17.8066,17.484425000000034
6.924,6.195229999999985
40.1702,34.84175975000006
15.282,11.227858749999974
10.1493,7.496275750000009
68.364,72.74187199999983
4.224,2.1592845000000014
-4.7685,-5.398645749999998
-104.673,-76.2654079999998
9.6957,10.737571000000033
4.9616,3.8145849999999952
41.9136,50.43567231666667
9.3312,9.315165500000052
-84.2928,-73.33431508333294
1.0668,0.7374005000000007
-99.2664,-105.33047775000017
35.099,10.394985249999989
8.3754,8.09314337500003
36.372,36.48702824999995
43.2234,82.37373905000003
18.9888,16.55082550000004
-17.469,-20.18578549999997
3.1008,2.867935000000004
153.1152,24.537145599999963
-13.1706,-14.786416750000033
6.9732,6.465712499999996
21.1344,14.181460499999966
11.1664,15.758860749999917
11.7782,8.325173250000013
-14.688,18.088378500000022
2.9889,2.792714750000008
-56.3108,-51.520414999999836
13.2986,10.77707266666667
8.0178,8.264763999999984
0.2592,0.6696752500000014
-17.9964,10.681104600000015
-1.9872,2.5666392499999984
22.0748,22.312504499999974
-75.5958,2.920691000000003
3.0861,2.38337725
-3.5508,-3.5849575000000073
6.2208,6.219129600000042
4.0584,4.053790408333329
1.0008,3.856635750000012
88.1295,56.50141525000004
-2.436,4.359858000000005
8.2156,8.016833500000011
-30.2288,11.042557999999975
-5.088,-6.546832000000011
6.8714,6.667994299999997
2.9348,3.0567290000000162
0.3024,2.621596000000009
99.4896,140.9383357499998
5.096,6.328807250000006
55.912,76.09697849999974
-10.9611,-11.360870750000034
0.0,0.40998687499999936
7.3008,11.678346749999992
125.1432,100.40260775000006
17.1574,22.01700525
8.983,76.05660150000011
1995.99,1136.4544299999989
9.6192,9.02928200000003
10.3488,8.206075650000017
47.8629,61.85481772916651
8.4966,11.027756999999994
-27.792,-38.47189025000016
0.0,0.44863474999999936
125.9874,89.11543041666671
167.979,167.25307475000017
-3.8385,2.011214750000002
9.192,16.32838549999997
238.653,255.41242675000063
16.1568,-19.965976000000015
13.1956,5.8730939999999965
12.4416,12.423240750000081
50.4426,45.76221774999996
14.6718,15.466721249999999
16.3172,8.277480749999965
20.388,51.609902999999946
1.376,1.1476135000000018
11.1024,9.301162249999992
7.2576,7.12440924999998
-4.2588,-37.11582500000003
47.5072,42.73037474999999
27.735,26.636799000000014
43.706,46.793951833333104
2.6208,2.2235777500000045
3.2256,4.293196749999993
-1.3608,1.4768921785714269
5.7825,6.000697749999992
17.8794,11.559776999999961
-25.648,-28.26044400000006
7.85,11.007767499999979
76.2525,101.34967924999992
7.0218,6.858975407142865
0.0,-5.470390650000008
5.4432,5.359661806493503
-47.175,-56.865660666666656
-10.336,-11.245902999999965
51.2943,46.4828562738094
22.2,18.058273499999956
130.2075,42.53716425000016
37.366,41.02111549999998
1.4256,2.555987999999992
31.0184,34.951247250000065
18.837,14.917605749999957
-172.557,-189.68371650000054
-12.098,-6.714956249999979
4.0456,5.661263160714301
12.7008,11.842384250000002
5.4432,5.359661806493503
105.98,76.84869699999992
27.3592,24.323820000000026
1.1772,0.5345735
29.358,11.08661075
52.734,27.43956231250005
209.993,179.4391912499998
43.45,48.80336495833334
4.0986,4.250878249999997
20.7,15.532885999999957
35.415,26.067467000000025
38.4372,39.39955924999999
69.6546,40.05433199999994
23.316,-11.400444499999967
1.7487,1.4790168333333298
12.3284,10.351659000000023
0.1674,1.7346295833333343
15.594,14.480345500000016
16.68,13.646529500000012
-5.7148,-6.438819750000027
-1.249,16.34192524999996
4.3524,5.134745250000009
5.6644,5.529230999999977
5.652,5.537442250000013
12.6468,13.35579074999994
10.465,17.675062000000043
0.5584,8.58109224999995
3.4086,4.1900742500000066
18.6624,18.23081245000005
152.0232,146.1787430000001
3.8073,7.846931499999994
10.3168,14.76034450000002
-4.488,-5.32933949999998
-9.8115,-10.396308250000011
12.6672,5.962008000000003
2.4582,1.2398397500000027
1.7739,2.014593500000006
5.0128,4.673133250000001
6.104,6.964681999999998
2.808,2.641300249999994
115.5528,95.96668999999989
-6.098,2.1310659999999975
83.2508,70.76418450000007
25.1944,9.616830000000016
4.1756,4.412476300000003
16.614,14.32618924999996
38.725,23.904206250000087
50.3658,73.2869224999996
8.073,7.618247457142834
134.9925,153.04974149999973
3.7408,3.456683750000003
9.3504,5.695900999999987
160.3136,341.5689439999997
10.4148,9.517863750000023
0.693,1.5519872500000012
0.4752,0.3411675000000001
9.116,5.845547249999993
11.613,11.947825749999975
-23.548,-22.375529750000023
31.2444,30.53781999999995
22.2,17.05684725
-46.8776,-45.77888258333341
50.396,53.27848375000005
10.3071,9.285408483333283
3.6288,3.620750599999977
456.588,326.1757090000012
2.64,2.378280900000002
8.0968,9.086459
-175.8708,62.87038549999979
10.0632,6.52591525000001
4.2624,5.540678749999995
-729.9138,-504.4818817499995
15.7584,20.505317250000004
5.55,4.846327750000004
8.7048,12.52325100000001
0.5904,0.9542875499999995
6.715,9.74948400000002
331.191,258.693854500001
3.2186,44.79621525000003
-56.448,-77.6073089999999
1.64,1.499903999999996
57.4938,41.94537674999993
20.0156,48.361449250000106
-99.1032,-69.02142349999984
17.324,43.50440191666664
2.065,4.091416749999987
50.49,40.93662000000004
-20.1362,-2.8620914999999947
2.646,1.7549042999999938
4.1391,0.09115724999999962
-54.882,9.135212749999958
4.914,2.4563286571428598
2.7956,2.4406540000000034
14.4,4.586774500000011
42.8148,39.83959712500011
297.69,172.4915640000004
4.9648,6.847117250000008
98.1396,80.5621052916666
1.3365,2.3173840000000006
85.904,80.5392657499995
-1.7772,2.282981750000001
-1.0196,-15.964988000000007
1.2006,0.8995575000000021
-185.7168,-264.7986014999997
4.9248,4.0983527499999886
30.2232,38.822609249999985
8.799,13.568251499999963
-2.5698,-27.19780549999994
-18.196,-11.834822999999957
6.2208,6.261306500000026
10.4496,12.949258500000003
14.8752,45.8912397500001
-23.952,-21.855551250000012
1.1225,1.0801672499999981
6.2979,8.854456499999996
4.0542,4.17901600000001
5.4432,5.479188849999986
-459.6072,-323.86716724999917
21.2724,33.1855160000001
28.7964,27.63537256249992
517.4793,619.8486932500015
-56.343,-47.88310624999999
377.73,681.800290499999
78.6508,69.08121174999997
160.0398,150.69158875000002
746.4078,551.7325017500024
7.0713,7.280151000000011
9.7164,31.19702824999994
143.1918,212.6506602499999
27.248,14.593117750000001
-15.99,20.823076000000047
5.8604,4.816622571428587
90.735,51.95049743750002
8.0946,9.425027249999985
22.4082,70.52788099999997
6.93,9.789712499999988
10.8864,10.672017749999975
3.7436,3.4767230000000002
7.8192,8.100069500000009
52.9173,59.40411124999995
5.5536,5.250520250000009
61.389,67.49441174999956
109.7208,67.26056324999995
87.7443,55.90451925000002
-14.5764,-7.296668999999975
2.6068,1.95632575
121.7601,229.50498650000057
5.6644,4.207013000000006
-3.3506,5.41958374999999
12.8744,35.940327499999796
-448.896,-454.45676774999987
116.872,380.85479974999964
135.456,38.581475750000024
66.6351,72.94679774999987
-21.1068,-21.409818499999997
272.9825,288.35803100000084
84.9436,66.24081775000003
12.432,19.34603274999998
-204.3145,144.06080400000047
173.7408,215.3285944999999
2.502,2.2490752499999918
1.2585,6.252839999999997
4.4352,2.7647150000000082
14.3075,31.378570500000013
8.4528,8.448607099999979
1.4208,0.7900335999999996
0.868,0.8237900000000009
23.5116,19.272217737500043
10.8784,9.350890250000024
46.797,75.08434175000032
78.8592,29.739704083333418
-2.61,-2.4749107500000105
19.7712,16.27617149999996
15.525,15.46812849999996
9.8418,9.016673250000013
21.591,19.651103250000048
1007.9832,538.724279499998
52.776,41.34874274999989
6.756,12.303670499999992
31.198,45.21030000000007
24.1568,13.606615499999968
13.452,14.314164500000025
21.9945,61.1049432708333
-4.5696,-4.733860750000014
496.0725,371.7032583333333
-8.4924,-11.922075999999988
93.884,40.72938675000009
11.151,13.523395416666617
2.9568,2.7517897500000026
15.1116,5.873760250000006
2.085,1.2793154999999954
18.396,18.42377450000001
37.7874,22.326833601785765
-13.8278,-12.469541750000026
42.392,42.17752050000007
23.232,18.92547700000001
2.224,1.9192973333333387
97.6524,82.05858191666674
-55.256,-29.596617499999965
7.56,5.854691250000023
10.8,9.184124300000029
3.5767,3.446597750000008
1.4224,2.09503225
12.1401,8.764048149999994
1.7591,4.242170249999999
647.892,746.2192820000008
200.9546,143.2994790000004
1.068,2.1706979999999976
1.0284,3.790704500000018
5.4432,5.053180521428561
22.0077,21.50540074999997
207.8856,159.41141500000052
104.568,138.14716575000003
-23.9372,-34.95520199999996
735.0336,663.5571037499997
1.2064,0.40780099999999925
71.2476,60.6417925
83.646,56.34205499999989
11.592,9.783328850000022
79.8912,76.85708199999945
1.375,4.57322675
23.9688,25.33089424999995
0.8856,0.9987190000000042
29.364,13.982776499999984
26.9985,3.5670149999999956
6.8714,6.697558500000016
14.985,29.84781949999996
-10.4874,-10.348287749999997
-814.4832,-508.7282549999989
-2.6936,-49.814776250000065
1.07,0.8659297500000019
8.6855,12.58104733333329
12.4416,11.508606500000072
129.6,90.34095075
-7.5168,-7.149888750000003
36.693,27.26418925000003
53.235,35.47548299999994
4.2816,4.281425999999999
5.0112,7.84469874999998
-3.0396,-2.9044125000000007
-20.3322,-14.934072499999965
31.4548,89.66005350000015
155.25,118.8411734999997
-2.5248,3.4536707500000032
160.1766,157.0197534999998
7.92,8.200061249999985
10.8864,10.53798799999997
-7.612,-7.514215500000017
38.9975,58.22013374999996
89.3142,86.97861566666697
0.4706,0.7471537499999988
-4.3792,3.232142249999998
5.2029,4.275594333333341
6.512,6.524527049999997
41.706,28.28564575000002
3.0654,2.990010249999994
11.891,11.571254250000012
4.0768,3.4530372500000044
-2.5248,2.428626750000003
0.6102,22.46984749999998
11.9952,11.266740999999985
1.3392,13.227313250000027
-9.705,-10.522590750000013
11.7782,7.847979250000021
6.468,9.291717249999984
32.3015,52.99611150000009
-3.3488,-3.6609132499999926
12.1032,36.519693749999995
-16.998,-17.70853924999999
4.7232,4.244728999999979
6.2208,6.313868442857151
2.7984,7.931950500000012
14.161,11.336760916666693
9.7438,9.083860000000014
35.3295,25.804519249999995
78.9412,55.44265850000007
24.0688,34.659407000000094
2.0592,56.502378500000084
6.9654,4.713988399999986
68.04,48.45583800000002
27.3528,25.237118129166724
-186.16,-88.44606424999972
0.5754,1.5376150500000016
16.5888,21.65759974999998
4.5188,3.8541282500000023
5.6994,5.662825500000006
503.64,805.0800060000005
40.9216,27.25334625000007
-2.5212,-2.7197067499999976
8.1072,24.44656273869054
-11.439,-10.257946499999996
227.205,151.53227550000034
1379.977,1017.7632609999999
-24.416,-27.853957750000045
41.2237,35.381203000000056
-81.441,13.674207249999995
19.1646,-11.16504199999998
14.425,12.362822000000012
294.5488,178.34775375000035
-54.5958,-30.245626499999958
-7.896,5.177715250000008
11.1564,25.067743500000034
-48.4704,-21.195653000000043
14.682,2.533013999999984
45.528,30.187346000000097
233.9961,219.15920312499986
30.392,21.387214
9.1764,-1.6636564999999934
26.564,37.80884150000006
18.0378,21.91704075000001
1.6704,1.5470474999999875
145.134,111.28762800000031
38.3508,61.74386349999998
-26.946,65.97139374999989
-17.6076,6.2109349999999885
-25.2956,-15.973194749999996
-13.167,-12.467516000000016
153.4725,141.38271550000022
26.8752,32.725939750000165
69.705,52.22584237499995
-6.303,-6.255699750000014
3.0212,2.7940514999999984
0.8385,1.0816653333333306
80.7912,74.93739274999989
9.039,9.071794000000049
5.4432,5.557795920779219
-3.6288,-4.452656000000003
399.2994,426.2823080000007
90.2871,69.08473450000038
12.96,20.11714674999996
69.705,60.37059025000017
33.64,13.479968749999996
9.5616,7.697672035714302
12.0904,14.064486000000056
137.151,114.37472599999988
20.9664,20.678071749999987
78.3888,82.02791025000006
-29.0536,-27.86480825000016
15.1158,20.507914999999947
11.907,11.111849866666677
6.4176,4.0494832500000095
-71.8905,-72.13768250000003
6.9132,6.689423749999985
97.3026,109.10761125000018
-7.996,-5.455964750000025
-192.0468,-158.06877949999992
8.6112,8.374733599999967
-4.7481,-4.632931500000001
198.46,93.2550283749998
390.977,191.58473324999974
4.2336,3.0489897499999894
8.0548,11.189374499999978
10.35,9.828146749999991
19.9665,24.580206250000106
-50.098,278.02320575000056
35.2872,36.88715599999994
-213.5574,-119.71478824999986
25.3302,18.83282075000001
11.7936,10.849671750000017
2.1728,1.8225992500000012
-110.49,115.12682274999986
12.1348,9.276519749999999
-12.9987,-14.968449749999976
12.7008,11.368000500000015
9.158,9.670776749999952
81.0474,84.98090224999976
25.792,28.929168000000004
8.0991,12.5136415
9.0882,-4.531754249999994
55.745,49.76208625000013
27.504,23.653295500000095
20.5755,23.255597
15.2292,13.00029616666665
6.8016,7.070079999999979
-47.2542,26.842401250000066
85.3092,114.54381149999985
73.41,35.095141500000054
-12.6882,-0.9246239999999994
-36.294,45.29694225000003
-525.6405,-494.4018539999999
16.1504,11.449273500000004
177.5889,123.56217400000031
4.644,4.477045249999998
0.1548,0.42126224999999967
91.152,96.7114875
3.5623,11.007613749999985
3.4668,2.9711560000000077
20.1558,10.690864999999963
4.8804,4.28657049999999
20.21,16.995435750000034
15.2225,17.98372124999998
15.1158,21.405846249999968
0.693,2.585484499999995
1.638,1.3140977499999966
35.9964,45.66928283333342
32.6046,26.47031375000003
7.7679,6.562106749999997
2.9547,2.2576637499999967
-25.4772,-25.97481974999999
10.5144,13.156861999999997
-7.9634,-6.610781750000046
10.449,9.408247333333332
7.9984,23.73834100000006
1143.891,705.9761432499996
0.5097,-1.1445419999999964
2.8884,2.687918700000009
5.8604,4.816622571428587
-122.3928,-149.31214150000002
32.4688,112.03911
3.8822,3.4389482500000224
106.1242,233.64399500000027
16.9932,15.060911499999976
9.3312,9.294986500000045
21.714,29.66396974999999
4.9608,4.766008249999987
14.0712,12.924328250000004
5.368,4.272609999999998
8.4096,6.975871499999988
0.8946,1.0429485000000036
8.7906,6.635136983333343
3.8822,3.4964282500000063
28.615,42.28863749999995
-58.716,-94.35717775000003
-3.6003,-3.928709500000012
-3.5996,-8.642908499999999
-12.672,-13.993808249999923
92.2368,48.39606624999991
88.0299,225.07052175000067
21.5824,17.98071100000005
6.48,6.555630999999988
28.497,14.963608750000038
1.8688,2.9430117500000024
-13.8717,15.244269749999926
139.99,45.1899545000002
10.3936,28.353286833333403
75.5937,75.12644550000003
9.3125,9.383100249999995
8.694,8.7403015
29.5254,28.467145250000076
41.952,22.932776250000007
40.97,44.95955599999995
26.824,13.226106999999995
0.9774,0.6197912500000019
22.2352,27.433384750000013
30.0234,38.78801275
11.556,11.0847065
72.5754,85.09904275000021
5.7376,5.878198349999986
-119.1918,-113.26016750000007
17.334,15.37893208333331
-65.853,-15.873137249999987
26.865,19.809402499999965
26.07,33.90919625000001
20.6336,29.136216750000038
2.2365,10.55144174999998
-6.5415,-7.150423499999991
-31.6712,-31.32731775000003
-2.1312,-10.883541999999998
34.6296,27.786922499999992
9.4924,20.15294799999991
327.5818,323.05792374999965
10.3408,5.818665000000003
7.2576,7.203368999999952
2591.9568,2183.998698249987
40.5426,31.21476999999999
-17.9964,9.543138700000007
8.7906,7.685252749999985
-19.8144,-19.844765500000005
5.2029,3.9361008437500042
19.7934,3.673776999999993
9.9652,2.129191999999991
108.7408,57.767094249999985
-2.88,-3.2240302500000104
27.2952,31.27962249999998
3.1104,3.0844355000000125
-12.09,-8.651084000000013
7.4872,5.3732290000000145
-131.994,-158.39077199999957
30.2634,26.642154500000032
1.7325,1.3274927500000002
23.028,15.199436925000036
35.3346,31.650814000000036
303.3408,190.65559325000058
9.816,15.010610749999925
395.9604,233.21680000000006
6.534,7.277495749999998
3.2161,1.592085500000001
91.7892,90.18318062500016
-2.6025,4.072441999999996
16.011,16.955024583333387
75.68,146.37900775
2.3177,0.7246312500000003
4.914,1.1369314999999982
-8.1675,6.960718500000008
2.0975,3.4792337500000023
173.3292,200.92864024999963
0.8288,0.7789105000000004
224.4426,197.57481125000032
66.6,51.890627250000016
1.6038,2.207555000000003
4.485,4.694311749999978
3.285,4.291699864583347
11.7078,10.336328249999958
-2.3748,6.626190500000006
16.7886,21.574909916666613
6.894,7.551316999999987
0.4644,0.9529527499999998
3.84,2.9395725000000033
62.244,54.78893600000003
25.473,25.009356000000054
28.3095,22.011152651190514
-0.6008,1.4655175
84.502,-91.63533074999995
-29.2446,-30.94332625000002
20.9274,45.137066250000004
8.2056,9.349563000000016
87.5684,63.473564725000095
2.528,3.098466250000001
26.5905,47.020851750000055
-52.17,-26.783694749999867
-300.735,-382.6109569999993
37.9962,31.85312045535724
35.985,44.36316275000015
45.555,47.648700250000175
8.991,8.357815000000008
-28.356,45.89619504999997
2.7168,3.886031250000008
-295.9785,-195.6972142499996
28.1764,38.88343049999982
39.213,36.13916600000002
2.7166,2.177463728571423
4.5216,7.481724299999995
282.2092,262.1984362499997
56.9772,43.83692875000006
25.872,15.316732500000011
-168.819,-189.91895975000057
-2.1792,-2.284155749999999
68.8464,77.40667699999985
3.7996,3.6691080000000103
15.525,15.499750000000038
1.6588,1.5313992499999975
-182.352,-178.94590000000028
-336.6272,-319.35943299999917
-120.513,-142.26120225000034
-20.4352,-21.70093274999995
5.5328,5.79775200000001
75.6952,86.00905125000007
12.0609,14.800048499999981
13.4964,11.462183249999988
176.8026,173.96960475000026
54.7136,76.46499897499999
23.49,20.515921500000005
3.1104,3.132493749999997
316.8825,262.51396700000043
18.6624,18.319252489610424
23.4192,51.18220175000001
5.4201,3.8242030000000056
21.0128,19.325295750000116
-0.7566,-1.4845367500000026
93.204,92.45713241666648
8.673,9.429962500000036
0.1191,4.823668166666671
8.636,8.974296000000017
5.1648,4.020106249999986
134.652,99.1263809999997
2.178,1.7636312999999988
-13.7568,-31.569657500000012
60.4224,45.14825274999991
21.897,9.161410999999998
1049.985,549.861601249997
9.0,8.473785999999988
-11.5872,-11.244451249999962
13.674,8.583922249999997
1.8148,1.3899055000000018
1.6176,3.4969449999999953
4.797,3.0589014999999966
-6.21,-0.9730029999999934
13.734,12.67459300000001
-26.624,-31.21082500000002
24.196,-1.1632582499999964
29.985,14.828985999999995
62.93,62.6959855000001
-62.3792,-47.26357400000007
323.946,315.6216065000001
-18.2352,-8.885918000000018
19.26,17.143618500000027
-30.16,-35.136099999999985
4.0644,12.519504250000018
19.5,3.2103589999999986
184.2204,203.64917050000025
15.2,12.866640988095224
2.034,10.10774674999998
6.206,9.271271250000012
64.6272,66.68677949999991
-4.455,-4.048294749999999
4.264,6.3993534999999975
18.7812,15.756891250000026
-363.528,-343.34128675000153
20.6142,18.320051749999983
-13.3176,-9.519898250000006
19.656,25.12497425000002
25.424,32.847050999999986
-4.577,-4.695667500000014
24.2285,18.864096500000077
77.5584,72.24293424999995
7.0854,5.186852174999993
0.3864,4.630437249999999
56.7864,56.85850475000003
87.4825,71.29072404166668
2.3086,2.56616000000001
1.8704,1.8365957499999996
25.1916,16.720633249999988
12.231,10.463226000000011
42.588,62.98085550000013
31.2832,12.222291499999981
-77.1267,-44.54304749999996
21.0,25.65087650000004
75.686,83.76598987500002
10.3473,17.143331625000034
20.3898,18.07132825000005
6.2208,6.179964857142879
1.6896,1.193370500000002
-12.148,-25.12168525
2.7072,1.816791249999997
87.3504,119.96688724999998
3.6588,58.92633174999996
72.7888,-103.34250950000003
89.955,67.96169624999989
30.2384,50.317759999999865
28.7064,25.10009950000001
16.032,14.772716000000043
17.108,16.537220499999968
654.7554,622.4558915
8.8624,8.144099499999992
12.1728,12.234564750000011
69.1776,59.20715250000006
25.1979,-5.282880980952383
-32.985,-49.55697999999996
-6.9282,5.511010750000005
164.997,104.94397400000005
3.6192,2.8450325000000016
52.49,16.13103175000006
4.4004,1.6322747499999943
50.328,40.59672300000002
5.6994,5.342626499999994
2.2066,1.3184107500000046
19.08,15.431614333333336
113.9886,88.60536549999999
13.8579,16.80348199999999
-57.7566,-61.963504250000014
209.274,248.55026483333364
8.218,7.07514825
6.972,6.36247174999998
-8.098,8.729011500000006
139.5702,203.5996302500002
14.6157,12.925519750000005
251.8911,240.82768224999944
113.211,85.6272763125001
244.2496,205.25511025000003
757.4112,374.2486412499999
34.182,54.58323900000005
37.797,48.007290750000074
12.8744,14.164601249999976
12.9129,13.369464666666705
99.23,53.29354749999993
-14.6958,-13.044974499999997
56.392,151.34166199999984
6.0726,7.222462999999985
356.0414,354.79943275
0.9995,1.5518527500000012
102.2784,68.77064074999981
12.0252,15.438408250000018
4.49,3.5850375000000048
11.5587,10.292138249999972
235.9524,247.75897250000057
-9.264,-10.175934250000001
0.6993,22.31981250000003
-7.7247,63.86246725000014
24.3595,25.49761375
7.0044,7.5299662499999975
1.2348,4.486160499999997
48.5392,38.716098749999915
843.1706,601.1568877499981
-9.5886,-10.453860500000003
132.99,100.11726250000025
8.1144,8.105983999999989
104.7528,106.99526174999997
20.724,13.523615750000026
7.008,4.390840249999994
18.6606,20.05696024999999
-6.0324,-6.144650500000019
40.8006,16.37758999999999
219.4416,137.87519100000034
67.256,17.95536249999998
6.8274,13.117343750000007
18.267,-3.762127000000006
9.7152,7.075606249999988
0.8988,3.0864057500000097
-138.14,61.785807250000154
-6.9102,-21.52305749999994
1.3978,1.2582292500000087
0.6048,0.12453400000000028
-15.992,-10.627171249999996
9.3228,10.262823500000025
13.608,12.376539604761897
58.4962,41.806489499999905
-1.3566,-1.3802979999999994
19.1808,15.776340399999965
5.1294,-1.2773847499999973
8.997,16.248188250000016
8.694,8.677376014285684
3.363,3.584780500000018
1.305,1.3514143333333337
12.4416,12.435811000000081
8.6744,12.586601499999988
14.5584,18.00653625000005
39.7488,33.18522925000007
4.008,3.6795418333333236
34.8138,70.35970424999991
89.9548,60.772568999999876
50.12,64.51233300000021
191.9968,-140.50720925000047
-10.4214,-11.302832249999971
8.6736,13.995756000000021
54.3528,25.91966899999995
3.7236,4.892225000000008
1.5602,1.407751250000001
33.3576,39.01155575000016
14.3376,8.15066449999997
381.2375,229.9786460000006
52.8228,14.832803499999988
16.146,16.98199189999992
27.735,26.636799000000014
73.321,62.81280875
18.94,15.94783799999999
3.1104,3.153850749999998
8.2764,12.023573249999995
9.3312,9.342930000000054
1.0208,1.3339843500000002
96.8544,68.87968181250008
0.8994,1.4631252500000025
89.3142,85.63195800000003
25.48,21.666722750000044
-10.2114,-11.667486749999984
5.9185,6.645490499999986
55.764,49.46535025000007
-51.5154,-60.83176724999983
24.9984,15.261022499999982
64.7856,30.888827749999976
15.876,12.265790000000022
17.694,64.52804000000003
0.7392,1.1346402499999981
-6.237,-6.244203000000028
5.9184,9.957030500000009
2.7956,2.311048749999999
29.692,20.65071849999999
3.3725,1.963220750000001
17.1678,20.592850749999997
18.8732,11.434189500000025
4.42,6.675553749999999
9.352,8.696150678571437
-53.2704,-39.85254375000017
7.4952,8.994482250000026
7.095,9.51888641666665
31.2858,48.38063550000006
8.4528,6.261132978571434
10.374,9.04340900000001
4.536,3.647212500000011
-1.3952,1.8778069999999978
-145.3508,-210.7417409999999
-2.6544,-2.5699300000000056
3.6288,2.360332600000004
5.3703,7.172529916666667
-52.6582,-16.604023499999972
124.9552,125.8141432500004
-19.2588,-82.52964775000001
2.5056,1.4937254999999965
4.4138,3.9348395000000136
16.6796,16.916690999999986
33.93,19.599346999999963
-157.9383,-129.21171899999982
21.7728,21.54562574999999
12.1348,10.79821349999998
3.9248,3.333924050000007
-33.139,-46.12986250000005
23.84,7.313030250000006
85.9818,71.09721399999984
9.936,7.978596749999998
23.028,19.51159625000007
1.7901,1.837404500000011
1.068,2.477084999999999
140.396,124.36039250000002
28.5984,18.042479250000024
11.49,22.75042624999999
7.2576,7.269748749999957
5.0463,2.056535250000002
12.178,6.095399000000001
-72.039,-1.3009605000000093
102.9528,88.72980874999983
40.5168,29.500323750000053
1.8998,1.7323225000000022
134.5302,128.64864824999984
-63.0056,37.93179725
-5.0688,-5.614689999999978
-70.49,-25.746837
11.565,10.064223999999996
-2.0264,-1.9894274999999948
7.89,7.735478499999999
146.2405,102.14146374999974
11.151,9.498571249999982
64.7892,65.97139374999989
30.52,21.869243500000017
15.378,14.022825249999958
6.4784,-1.9692755000000062
6.206,7.957843916666681
-13.433,-56.550473999999824
2.6784,20.633338166666626
54.3966,47.34990850000002
60.5528,52.24574875000008
16.8413,15.318375583333399
6.2208,6.0844985000000325
-29.0073,-23.26207350000001
-3.0366,-3.298777000000007
9.8856,10.473970500000002
48.3771,27.250208249999954
3.348,32.95377725000014
83.0502,56.587054083333314
133.9713,149.0667265000005
21.06,15.592099000000076
100.656,77.32574849999993
8.532,7.515775499999998
-30.294,-52.1830924999999
561.564,569.0477525000009
15.764,19.73970350000004
3.3,8.994255499999987
226.3626,231.25361875000016
-58.8616,-62.490093000000186
0.504,0.4184675000000002
75.6548,62.755618014285545
-6.4944,-6.849820000000001
25.245,1.1248132500000034
8.771,8.273032249999961
7.209,6.816946999999986
35.245,40.32995424999999
1.683,1.9479603499999933
12.6813,9.83342024999998
-41.262,-66.36671199999986
14.4,13.017624166666646
3.3088,3.0180277499999977
350.427,383.7148115
0.679,21.081008999999977
6.465,45.61637250000006
16.6788,15.358620000000013
28.7952,26.72251658333326
15.3952,20.095898500000008
-13.637,23.40589550000002
4.887,3.59897175
79.8912,69.7264102499996
-760.98,-706.5422342500015
12.691,11.84757125000002
23.7742,17.469119749999923
-34.758,-26.978782749999965
129.9974,175.43106250000034
3.9771,4.2209060000000065
-0.2685,2.7598655
34.5,39.04311425000014
-127.5792,-92.07035475000013
27.4856,26.081329249999957
6.465,45.2896260000001
-75.8448,-71.52184975000024
2.19,2.3336230000000073
-103.266,-132.5665590000005
2.2194,3.2355397500000067
-3.6024,-3.5353627500000018
-5.7588,-0.8530185
-3.6892,-7.215741500000011
1.8144,1.5934464999999955
27.2412,22.47234500000003
18.8937,19.835152352380952
31.9319,44.58629699999987
-4.752,-4.77958275000001
-8.6058,-9.424648250000013
23.6808,20.836211750000054
-2.9985,-0.07979375000000041
10.9939,11.098147999999998
3.6018,2.6452925000000005
3.0558,3.8447052500000027
6.2208,6.198271050000005
179.7488,156.73180225000016
16.7328,20.630059250000016
1.0731,2.822906666666658
14.9925,18.07132825000005
2.628,2.03359
-63.3765,-91.81392899999972
53.9946,45.24099450000013
-20.889,-21.22687249999998
1.4672,4.59711525000002
13.0928,9.859251000000022
24.528,11.584057
174.9825,152.24945975000028
-165.768,57.72968074999991
48.5392,47.09958124999992
6.03,6.316666250000011
16.1838,13.594538749999936
1.0008,3.3875424999999977
111.517,43.53551750000006
51.8346,54.708581333333385
9.3,16.277492499999948
-18.1176,-25.00319074999979
69.0018,34.957226750000075
-82.884,-4.610867000000014
129.5865,175.1681477499999
7.3132,3.9348140000000167
40.12,87.8502634999998
33.93,27.595803999999944
3.7692,2.8589612499999997
7.384,7.602125249999981
23.808,29.122938999999974
89.5888,69.00311625000023
2.1492,2.192754666666668
1668.205,1143.2852310000007
22.5732,20.805762749999964
7.0096,9.375638000000027
54.6912,51.97388399999989
9.75,0.4599147500000004
10.764,10.727576899999995
-383.9904,-391.85222100000124
131.355,125.36556500000039
19.0848,10.876976000000012
2.175,-0.7316149999999996
10.626,11.013524999999966
-32.5226,-36.10099200000013
-9.223,-9.206149499999988
33.2156,62.13187533095234
5.898,40.67864100000011
-14.1696,-14.801880750000016
5.616,5.479603000000018
4.0383,1.144899750000001
18.6872,18.782052871428522
9.8901,12.270320250000012
1.2432,0.6898189999999985
86.3856,67.14320025000009
2.37,1.4432755000000013
4.0203,4.648474249999993
2.64,2.8883877000000036
-108.8304,-118.00697874999993
4.1391,4.714919750000003
225.264,210.3464157499998
284.1855,266.2622134999994
16.0356,15.946453250000074
-312.0614,-299.7252125000002
15.3195,19.80743474999998
7.2576,6.98700924999996
4.108,3.8498955000000046
6.8714,6.771756499999999
13.7646,6.460918700000003
-16.776,-19.95639075000001
11.2236,9.454256416666638
3.7224,8.108203249999994
40.3536,35.315284000000176
5.2312,5.209135499999993
149.382,76.97574999999979
3.4684,2.3518755000000042
7.0218,6.9333086464286025
-11.5938,9.675515999999963
27.608,32.48396575000001
29.1375,20.932174916666657
58.38,56.14723375000008
6.7655,140.07078024999996
26.3494,34.545304500000036
-15.4581,8.87187275000001
-8.379,-5.896649749999983
0.0,198.71780674999937
54.215,43.64006700000004
16.362,12.581277250000023
60.9552,100.42867975000003
3.024,1.5458217499999989
7.2576,7.266328999999951
-412.6154,-327.69952199999943
-1.728,-2.0229690000000007
-143.7904,-101.58472525000006
25.0182,36.07006775000013
52.3764,-34.18649525000019
-37.9152,-48.81592800000005
-52.4544,-71.46758999999972
2.6936,2.78890305000001
24.998,30.930307750000008
-22.1382,-13.842138999999973
30.445,23.42779200000002
1.5312,1.9317615000000041
4.0687,4.2132040000000055
15.3888,10.115715499999988
11.7576,17.167142250000005
10.788,12.245352250000032
9.534,15.12148050000002
25.0536,31.19808649999998
-160.96,-160.08611824999986
33.9388,23.876324000000007
27.4344,32.01410275000012
-694.2936,-676.4346842500007
17.3148,12.968833750000021
-4.1136,-5.456672249999985
2.244,1.6744602571428573
5.9312,5.083604750000017
0.8988,2.9711560000000077
-3.6576,-4.255804750000011
229.9908,286.5077387499999
5.24,7.843427499999989
0.0,-11.118657000000006
2.604,2.9355855000000077
5.1184,4.485873999999998
5.733,1.671488999999993
1.6752,16.191045750000033
9.1581,7.803155649999993
3.0212,2.9869200000000022
9.072,8.564931250000031
-244.323,-248.91059474999977
28.1718,25.481406500000052
7.56,5.98218575000001
-11.0848,-11.49262199999995
136.665,130.53769074999963
3.7596,3.506066750000002
3.4692,4.977705416666686
6.3296,5.918240857142863
0.0,-9.29213475
7.0218,6.722009425000026
36.9288,18.83505425000004
72.5344,67.53117408333354
11.3512,9.309795500000014
-13.6312,-14.232377749999978
-6.549,51.8979177499999
13.572,20.915582583333343
-26.9955,-25.881972999999984
47.848,15.683032000000024
71.99,79.04034475000016
-23.0352,14.954582500000026
43.3188,85.90988175000034
72.8946,54.31240525000002
45.8064,142.59028675000025
-14.5656,-14.660102999999987
5.4432,4.96654571623376
86.3892,83.56319212500043
33.8744,45.54713341666667
116.3904,71.31980999999988
4.2717,3.0957443071428603
21.384,20.858109999999993
19.4352,-19.13176549999996
24.9132,19.1894744999999
6.5472,7.843216000000001
21.3408,19.221742999999982
3.8682,6.256121499999998
9.6,8.453379000000004
-9.7608,-9.903241249999995
-247.7988,-205.6301857499996
-46.9764,-67.4776627499999
3.2064,3.0337770000000086
1.8872,2.5954880000000067
4.782,10.054631749999956
13.32,13.641623416666674
54.7756,49.723521624999975
15.552,15.557999999999927
6.549,28.626500000000014
1.4805,1.3999817499999976
16.3215,18.729884249999913
8.9544,7.944043750000002
73.41,57.0905275
10.203,18.551322999999954
48.5514,28.64157450000003
-5.487,-5.894555750000015
206.316,150.26342525000035
146.79,19.927634750000003
-292.9872,-296.6041917499999
-2.1896,2.014409750000003
0.5992,1.823428249999997
1.86,8.299596999999983
20.878,29.714635500000046
163.787,193.82834424999976
54.4047,74.64967274999997
527.984,324.2578550000002
48.118,126.24930274999996
-21.888,-21.31756550000001
95.4612,148.67682099999993
0.84,0.562664749999999
-13.6488,-13.285263750000011
843.1706,588.9468914999986
13.4925,10.541168249999977
13.9986,11.634708649999995
3.9248,3.672993250000002
75.735,66.41231540000014
-8.5416,-12.15143624999999
80.784,122.09293849999943
35.196,30.73889463888886
0.0,0.5402202499999968
87.2842,63.15649196428556
15.8436,36.735126
20.163,26.131429249999986
35.0973,89.73879712500009
7.584,7.5473145000000015
33.3172,35.126309587500124
-2.5128,2.6572757499999913
5.4432,5.404044749999988
-17.745,-31.381171999999925
3.5022,3.1476369999999996
9.3312,9.24435550000005
7.4368,6.5682304999999905
2.0358,1.483374250000003
83.2097,50.027017250000014
107.0388,159.9382687500004
14.8491,41.17140700000004
35.985,19.96615074999992
12.1352,8.486753249999998
6.7008,6.029322500000017
11.7488,57.898182
12.1068,-16.48801200000002
0.5904,0.4643269166666655
4.225,9.17161800000002
41.0388,51.817621250000066
40.0036,30.34014099999992
77.625,49.09195524166669
8.7906,6.647793633333331
9.6192,9.156355250000042
4.3008,3.160288500000005
7.056,5.608297500000007
-3.9032,-4.071838499999989
13.365,20.78078275000005
8.022,7.827868499999982
2.14,1.6472381285714253
-70.1043,-34.06547100000003
39.8736,23.126950000000036
-3.465,-3.678296249999995
-339.705,-222.28249725000035
5.2884,5.154930229870135
16.5984,23.99264225000007
90.8292,53.80631124999999
8.6855,12.514910833333317
-8.1822,1.0531845000000013
157.0176,82.37921525000026
2.2302,2.2617092499999982
-9.6565,-9.86490574999999
35.6346,38.013302499999945
-79.3352,-116.83839974999997
33.831,16.732789249999993
12.3144,15.996095999999989
107.79,28.78644675000005
36.2835,33.29410691785724
24.47,20.23694124999994
31.188,26.12551975
188.1404,210.33200875000003
0.0,154.485144
19.3185,19.848368000000082
8.194,-4.531634000000004
49.9704,50.029058249999814
5.8708,7.572801866666683
19.8144,15.307439499999978
21.5964,22.787428249999994
58.0272,76.46267649999994
31.0688,11.224556250000035
46.632,6.677716750000007
-1.4352,-1.4771479999999986
3.2406,3.486618500000008
-53.0088,-55.046076500000034
140.5482,127.55392549999956
163.7874,459.9795507500003
-2.1648,-2.162664999999992
45.576,65.07995937499997
1.8144,1.724672583333333
7.6146,5.502842200000007
2.7062,68.88598174999993
7.2111,46.632633000000006
29.2857,27.285524749999972
74.8098,50.828573750000004
140.396,117.3481299999999
11.5432,7.843533999999998
-75.192,-34.45092149999998
2.3025,3.481384000000005
29.6688,37.809645249999946
1.9926,1.6432016000000045
2.8224,1.9758965357142773
7.6154,9.349191000000008
-65.568,-67.29041699999988
24.84,22.49293750000005
-2.6256,-2.5499085000000066
7.2298,6.596266499999989
36.3972,18.546454250000032
4.4088,4.082007999999991
-6.8094,-5.592862000000026
37.7874,26.902549569642865
150.984,103.23962299999987
7.2576,7.0321492499999785
1.8468,2.7326242500000126
26.565,19.201950500000024
172.4814,134.30221249999988
-40.4712,-49.5298289999998
18.1176,-4.145967049999988
20.682,27.47483925000001
6.4206,7.269440249999981
5.6994,4.952828750000016
3.3408,4.641595700000001
757.4112,358.4024787499997
9.072,8.90148700000002
5.4432,5.408897999999997
-5.215,-4.507646749999999
9.2176,6.229682499999984
-93.4724,-54.7707285
-29.2524,-25.598744500000013
-15.4666,-16.604796500000027
-7.4358,-13.34571925
25.2315,24.184500000000043
0.3384,0.616422249999999
4.653,16.507760500000046
-384.7164,-318.2401489999999
-13.896,-15.164678750000009
9.3312,9.339647250000048
2.3674,3.4098854999999997
68.5965,70.65772999999986
51.1936,2.4047075833333342
5.5664,5.11792425000001
10.9096,10.599022499999972
-6.396,1.272799500000002
84.0512,74.91577250000005
35.0973,89.73879712500009
54.3438,18.148159250000052
9.294,31.206496250000065
20.0851,15.799961750000023
8.694,8.69765
8.184,6.315028949999999
-11.5188,-13.621452249999978
43.7136,26.79925000000005
17.524,19.262443750000067
-2.3814,0.04581000000000001
6.4944,7.459975999999996
0.2996,0.7582055000000016
-45.84,-53.29497574999989
2229.024,1274.334629499996
80.6285,50.89122549999986
8.208,7.161584499999984
0.1134,1.5896125166666644
-6.8816,-12.149328999999977
4.2804,4.62197375000003
0.4768,1.4910703333333286
3.2944,5.007523766666673
-5.9808,-5.204337999999989
5.4332,3.765731666666653
6.1704,5.700959250000011
125.245,102.10200550000002
9.5081,8.511475500000026
-1.2178,-8.676270499999973
45.954,13.82077899999998
16.398,14.985800249999997
6.03,6.112664500000003
-97.4988,-112.81916274999979
6.0256,5.328609250000003
19.9665,17.14630745833342
9.798,9.268446500000001
0.2997,6.982504750000003
4.4772,4.365780500000013
22.2,17.223004999999986
145.782,302.5980914833328
6.0382,2.372263000000005
-55.3,58.65352175000004
8.5728,7.926758599999979
-2.6982,-13.60620475000001
-16.9568,-6.292404749999988
27.5292,28.710911999999976
-12.196,-5.256792583333301
9.99,20.661224249999947
129.3786,144.8406774999995
7.745,8.001995500000014
33.8517,39.78283575000007
-3.094,4.614707499999992
-6.8334,-6.997716500000001
24.843,142.45187324999972
6.2208,6.220894850000037
2.128,3.5367457500000046
1.4672,5.194197500000001
9.6192,9.48775000000005
19.797,34.32801075000001
125.997,218.38785941666703
91.968,77.92114124999978
-115.4958,-93.26077799999999
-3.0396,-2.9044125000000007
32.4342,20.989500500000013
160.623,116.4262360000001
2.0416,2.92810125
-32.48,-22.071721750000005
2.7664,3.8012497499999944
39.6879,51.06643675000003
-10.4196,-12.244280999999994
7.0173,15.459433749999985
11.0704,5.227718249999994
50.328,40.14233449999998
4630.4755,2977.5469562500034
46.225,37.994878249999964
26.9304,23.234923749999975
8.9985,11.424859600000017
67.608,77.93756049999986
-99.6219,32.04581825000003
-7.7406,2.378912
53.8608,44.96335450000002
-1.3376,-1.5704262500000024
53.7504,76.63718122916677
20.7328,18.927545750000007
3.3948,3.166277499999999
15.0735,21.357312000000043
3.8822,3.614848000000013
8.8704,8.337758500000001
12.2325,2.089774999999998
37.534,260.2907257500009
8.88,6.887803499999987
83.9916,63.64666250000019
41.823,29.914490500000106
231.4116,405.4473847499997
4.6644,4.537997999999995
2.3094,13.77133325000003
4.3372,20.76351674999994
5.6,5.1819130000000175
11.2308,9.875371499999991
20.097,40.36350525000017
1.476,1.124283000000002
9.8901,13.11087325000002
17.991,12.508764749999994
31.941,16.36398124999996
265.4232,74.27741524999989
